RNumber,image1,image2,image3
0,https://guide.michelin.co.kr/ko/wp-content/uploads/sites/4/2016/11/Gaon_4.jpg,https://guide.michelin.co.kr/ko/wp-content/uploads/sites/4/2016/11/Gaon_5-687x1030.jpg,https://guide.michelin.co.kr/ko/wp-content/uploads/sites/4/2016/11/Gaon_6-687x1030.jpg
1,https://guide.michelin.co.kr/ko/wp-content/uploads/sites/4/2016/11/Gaeseong-Mandu-Koong_3.jpg,https://guide.michelin.co.kr/ko/wp-content/uploads/sites/4/2016/11/Gaeseong-Mandu-Koong_4.jpg,https://guide.michelin.co.kr/ko/wp-content/uploads/sites/4/2016/11/Gaeseong-Mandu-Koong_1.jpg
2,https://guide.michelin.co.kr/ko/wp-content/uploads/sites/4/2017/11/Gebang-Sikdang_4.jpg,https://guide.michelin.co.kr/ko/wp-content/uploads/sites/4/2017/11/Gebang-Sikdang_3.jpg,https://guide.michelin.co.kr/ko/wp-content/uploads/sites/4/2017/11/Gebang-Sikdang_1.jpg
3,https://guide.michelin.co.kr/ko/wp-content/uploads/sites/4/2016/11/IMG_1010-1030x773.jpg,https://guide.michelin.co.kr/ko/wp-content/uploads/sites/4/2016/11/IMG_1004-1-1030x773.jpg,https://guide.michelin.co.kr/ko/wp-content/uploads/sites/4/2016/11/IMG_1011-1030x773.jpg
4,https://guide.michelin.co.kr/ko/wp-content/uploads/sites/4/2017/11/Gourmet-tree_2.jpg,https://guide.michelin.co.kr/ko/wp-content/uploads/sites/4/2017/11/Gourmet-tree_3-772x1030.jpg,https://guide.michelin.co.kr/ko/wp-content/uploads/sites/4/2017/11/Gourmet-tree_4-772x1030.jpg
5,https://guide.michelin.co.kr/ko/wp-content/uploads/sites/4/2016/11/Gom-Ba-Wie_3.jpg,https://guide.michelin.co.kr/ko/wp-content/uploads/sites/4/2016/11/Gom-Ba-Wie_4.jpg,https://guide.michelin.co.kr/ko/wp-content/uploads/sites/4/2016/11/Gom-Ba-Wie_1-687x1030.jpg
6,https://guide.michelin.co.kr/ko/wp-content/uploads/sites/4/2016/11/Gotgan_1-772x1030.jpg,https://guide.michelin.co.kr/ko/wp-content/uploads/sites/4/2016/11/Gotgan_2-772x1030.jpg,https://guide.michelin.co.kr/ko/wp-content/uploads/sites/4/2016/11/Gotgan_3.jpg
7,https://guide.michelin.co.kr/ko/wp-content/uploads/sites/4/2017/11/Kyodaiya_1.jpg,https://guide.michelin.co.kr/ko/wp-content/uploads/sites/4/2017/11/Kyodaiya_2.jpg,https://guide.michelin.co.kr/ko/wp-content/uploads/sites/4/2017/11/Kyodaiya_3-772x1030.jpg
8,https://guide.michelin.co.kr/ko/wp-content/uploads/sites/4/2016/11/Goobok-Mandu_3.jpg,https://guide.michelin.co.kr/ko/wp-content/uploads/sites/4/2016/11/Goobok-Mandu_4.jpg,https://guide.michelin.co.kr/ko/wp-content/uploads/sites/4/2016/11/Goobok-Mandu_5-688x1030.jpg
9,https://guide.michelin.co.kr/ko/wp-content/uploads/sites/4/2016/11/Kwon-Sook-Soo_4.jpg,https://guide.michelin.co.kr/ko/wp-content/uploads/sites/4/2016/11/Kwon-Sook-Soo_3.jpg,https://guide.michelin.co.kr/ko/wp-content/uploads/sites/4/2016/11/Kwon-Sook-Soo_2-772x1030.jpg
10,https://guide.michelin.co.kr/ko/wp-content/uploads/sites/4/2017/11/Comme-Moa_1-1030x773.jpg,https://guide.michelin.co.kr/ko/wp-content/uploads/sites/4/2017/11/Comme-Moa_2-1030x773.jpg,https://guide.michelin.co.kr/ko/wp-content/uploads/sites/4/2017/11/Comme-Moa_3-1030x773.jpg
11,https://guide.michelin.co.kr/ko/wp-content/uploads/sites/4/2017/11/A-Flower-Blossom-on-the-Rice_1-1030x773.jpg,https://guide.michelin.co.kr/ko/wp-content/uploads/sites/4/2017/11/A-Flower-Blossom-on-the-Rice_2-1030x773.jpg,https://guide.michelin.co.kr/ko/wp-content/uploads/sites/4/2017/11/A-Flower-Blossom-on-the-Rice_3-1030x773.jpg
12,https://guide.michelin.co.kr/ko/wp-content/uploads/sites/4/2016/11/Kkotji_3.jpg,https://guide.michelin.co.kr/ko/wp-content/uploads/sites/4/2016/11/Kkotji_4.jpg,https://guide.michelin.co.kr/ko/wp-content/uploads/sites/4/2016/11/Kkotji_1.jpg
13,https://guide.michelin.co.kr/ko/wp-content/uploads/sites/4/2016/11/Nampo-Myeonok_3.jpg,https://guide.michelin.co.kr/ko/wp-content/uploads/sites/4/2016/11/Nampo-Myeonok_4.jpg,https://guide.michelin.co.kr/ko/wp-content/uploads/sites/4/2016/11/Nampo-Myeonok_2.jpg
14,https://guide.michelin.co.kr/ko/wp-content/uploads/sites/4/2016/11/Neung-Ra-Do_3.jpg,https://guide.michelin.co.kr/ko/wp-content/uploads/sites/4/2016/11/Neung-Ra-Do_4.jpg,https://guide.michelin.co.kr/ko/wp-content/uploads/sites/4/2016/11/Neung-Ra-Do_2.jpg
15,https://guide.michelin.co.kr/ko/wp-content/uploads/sites/4/2016/11/다담-1030x772.png,,
16,https://guide.michelin.co.kr/ko/wp-content/uploads/sites/4/2016/11/Dining-in-Space_2-1030x774.jpg,https://guide.michelin.co.kr/ko/wp-content/uploads/sites/4/2016/11/Dining-in-Space_4-1030x688.jpg,https://guide.michelin.co.kr/ko/wp-content/uploads/sites/4/2016/11/Dining-in-Space_5-1030x773.jpg
17,https://guide.michelin.co.kr/ko/wp-content/uploads/sites/4/2016/11/Dal-Siktak_2-1030x773.jpg,https://guide.michelin.co.kr/ko/wp-content/uploads/sites/4/2016/11/Dal-Siktak_3-1030x773.jpg,https://guide.michelin.co.kr/ko/wp-content/uploads/sites/4/2016/11/Dal-Siktak_4-1030x773.jpg
18,https://guide.michelin.co.kr/ko/wp-content/uploads/sites/4/2016/11/Daesungjip_3-1030x773.jpg,https://guide.michelin.co.kr/ko/wp-content/uploads/sites/4/2016/11/Daesungjip_4-1030x773.jpg,https://guide.michelin.co.kr/ko/wp-content/uploads/sites/4/2016/11/Daesungjip_2-1030x773.jpg
19,https://guide.michelin.co.kr/ko/wp-content/uploads/sites/4/2017/11/The-Green-Table_5.jpg,https://guide.michelin.co.kr/ko/wp-content/uploads/sites/4/2017/11/The-Green-Table_4.jpg,https://guide.michelin.co.kr/ko/wp-content/uploads/sites/4/2017/11/The-Green-Table_1.jpg
20,https://guide.michelin.co.kr/ko/wp-content/uploads/sites/4/2016/11/Toh-Lim_1.jpg,https://guide.michelin.co.kr/ko/wp-content/uploads/sites/4/2016/11/Toh-Lim_2.jpg,https://guide.michelin.co.kr/ko/wp-content/uploads/sites/4/2016/11/Toh-Lim_3.jpg
21,https://guide.michelin.co.kr/ko/wp-content/uploads/sites/4/2016/11/Dosa_2.jpg,https://guide.michelin.co.kr/ko/wp-content/uploads/sites/4/2016/11/Dosa_4.jpg,https://guide.michelin.co.kr/ko/wp-content/uploads/sites/4/2016/11/Dosa_3.jpg
22,https://guide.michelin.co.kr/ko/wp-content/uploads/sites/4/2016/11/Doughroom_1.jpg,https://guide.michelin.co.kr/ko/wp-content/uploads/sites/4/2016/11/Doughroom_2.jpg,https://guide.michelin.co.kr/ko/wp-content/uploads/sites/4/2016/11/Doughroom_3.jpg
23,https://guide.michelin.co.kr/ko/wp-content/uploads/sites/4/2016/11/Dugahun_1.jpg,https://guide.michelin.co.kr/ko/wp-content/uploads/sites/4/2016/11/Dugahun_2.jpg,https://guide.michelin.co.kr/ko/wp-content/uploads/sites/4/2016/11/Dugahun_3.jpeg
24,https://guide.michelin.co.kr/ko/wp-content/uploads/sites/4/2017/11/Dooreyoo_1.jpg,https://guide.michelin.co.kr/ko/wp-content/uploads/sites/4/2017/11/Dooreyoo_3.jpg,https://guide.michelin.co.kr/ko/wp-content/uploads/sites/4/2017/11/Dooreyoo_4-1030x773.jpg
25,https://guide.michelin.co.kr/ko/wp-content/uploads/sites/4/2017/11/Terreno_3.jpg,https://guide.michelin.co.kr/ko/wp-content/uploads/sites/4/2017/11/Terreno_4.jpg,https://guide.michelin.co.kr/ko/wp-content/uploads/sites/4/2017/11/Terreno_2.jpg
26,https://guide.michelin.co.kr/ko/wp-content/uploads/sites/4/2017/11/Tutto-Bene_1.jpg,https://guide.michelin.co.kr/ko/wp-content/uploads/sites/4/2017/11/Tutto-Bene_2.jpg,https://guide.michelin.co.kr/ko/wp-content/uploads/sites/4/2017/11/Tutto-Bene_3.jpg
27,https://guide.michelin.co.kr/ko/wp-content/uploads/sites/4/2017/11/La-Morra_3.jpg,https://guide.michelin.co.kr/ko/wp-content/uploads/sites/4/2017/11/La-Morra_4-772x1030.jpg,https://guide.michelin.co.kr/ko/wp-content/uploads/sites/4/2017/11/La-Morra_5-772x1030.jpg
28,https://guide.michelin.co.kr/ko/wp-content/uploads/sites/4/2017/11/La-Cucina_3.jpg,https://guide.michelin.co.kr/ko/wp-content/uploads/sites/4/2017/11/La-Cucina_4.jpg,https://guide.michelin.co.kr/ko/wp-content/uploads/sites/4/2017/11/La-Cucina_2.jpg
29,https://guide.michelin.co.kr/ko/wp-content/uploads/sites/4/2016/11/Lamitie_3.jpg,https://guide.michelin.co.kr/ko/wp-content/uploads/sites/4/2016/11/Lamitie_4.jpg,https://guide.michelin.co.kr/ko/wp-content/uploads/sites/4/2016/11/Lamitie_2.jpg
30,https://guide.michelin.co.kr/ko/wp-content/uploads/sites/4/2016/11/La-Yeon_5-736x1030.jpg,https://guide.michelin.co.kr/ko/wp-content/uploads/sites/4/2016/11/La-Yeon_2.jpg,https://guide.michelin.co.kr/ko/wp-content/uploads/sites/4/2016/11/La-Yeon_3.jpg
31,https://guide.michelin.co.kr/ko/wp-content/uploads/sites/4/2017/11/LEmpasse-81_2-687x1030.jpg,https://guide.michelin.co.kr/ko/wp-content/uploads/sites/4/2017/11/LEmpasse-81_1.jpg,https://guide.michelin.co.kr/ko/wp-content/uploads/sites/4/2017/11/LEmpasse-81_3-687x1030.jpg
32,https://guide.michelin.co.kr/ko/wp-content/uploads/sites/4/2017/11/LEnfance_1.jpg,https://guide.michelin.co.kr/ko/wp-content/uploads/sites/4/2017/11/LEnfance_2.jpg,https://guide.michelin.co.kr/ko/wp-content/uploads/sites/4/2017/11/LEnfance_3.jpg
33,https://guide.michelin.co.kr/ko/wp-content/uploads/sites/4/2016/11/LEspoir-du-Hibou_2.jpg,https://guide.michelin.co.kr/ko/wp-content/uploads/sites/4/2016/11/LEspoir-du-Hibou_3.jpg,https://guide.michelin.co.kr/ko/wp-content/uploads/sites/4/2016/11/LEspoir-du-Hibou_4.jpg
34,https://guide.michelin.co.kr/ko/wp-content/uploads/sites/4/2016/11/Louis-Cinq_2.jpg,https://guide.michelin.co.kr/ko/wp-content/uploads/sites/4/2016/11/Louis-Cinq_3.jpg,https://guide.michelin.co.kr/ko/wp-content/uploads/sites/4/2016/11/Louis-Cinq_4.jpg
35,https://guide.michelin.co.kr/ko/wp-content/uploads/sites/4/2016/11/Ryunique_2-687x1030.jpg,https://guide.michelin.co.kr/ko/wp-content/uploads/sites/4/2016/11/Ryunique_3.jpg,https://guide.michelin.co.kr/ko/wp-content/uploads/sites/4/2016/11/Ryunique_4-687x1030.jpg
36,https://guide.michelin.co.kr/ko/wp-content/uploads/sites/4/2017/11/Le-Cochon_1.jpg,https://guide.michelin.co.kr/ko/wp-content/uploads/sites/4/2017/11/Le-Cochon_2.jpg,https://guide.michelin.co.kr/ko/wp-content/uploads/sites/4/2017/11/Le-Cochon_3.jpg
37,https://guide.michelin.co.kr/ko/wp-content/uploads/sites/4/2016/11/Ristorante-Eo_4.jpg,https://guide.michelin.co.kr/ko/wp-content/uploads/sites/4/2016/11/Ristorante-Eo_2.jpg,https://guide.michelin.co.kr/ko/wp-content/uploads/sites/4/2016/11/Ristorante-Eo_3.jpg
38,https://guide.michelin.co.kr/ko/wp-content/uploads/sites/4/2016/11/마누테라스-1030x772.png,,
39,https://guide.michelin.co.kr/ko/wp-content/uploads/sites/4/2017/11/Mapo-Yangji-Seolleongtang_1-1.jpg,https://guide.michelin.co.kr/ko/wp-content/uploads/sites/4/2017/11/Mapo-Yangji-Seolleongtang_2-1.jpg,https://guide.michelin.co.kr/ko/wp-content/uploads/sites/4/2017/11/Mapo-Yangji-Seolleongtang_3-1-772x1030.jpg
40,https://guide.michelin.co.kr/ko/wp-content/uploads/sites/4/2017/11/Mapo-Ok_3-772x1030.jpg,https://guide.michelin.co.kr/ko/wp-content/uploads/sites/4/2017/11/Mapo-Ok_2.jpg,https://guide.michelin.co.kr/ko/wp-content/uploads/sites/4/2017/11/Mapo-Ok_1-772x1030.jpg
41,https://guide.michelin.co.kr/ko/wp-content/uploads/sites/4/2016/11/Mandujip_3-772x1030.jpg,https://guide.michelin.co.kr/ko/wp-content/uploads/sites/4/2016/11/Mandujip_4.jpg,https://guide.michelin.co.kr/ko/wp-content/uploads/sites/4/2016/11/Mandujip_1-772x1030.jpg
42,https://guide.michelin.co.kr/ko/wp-content/uploads/sites/4/2016/11/Manjok-Ohyang-Jokbal_2.jpg,https://guide.michelin.co.kr/ko/wp-content/uploads/sites/4/2016/11/Manjok-Ohyang-Jokbal_1.jpg,https://guide.michelin.co.kr/ko/wp-content/uploads/sites/4/2016/11/Manjok-Ohyang-Jokbal_3-772x1030.jpg
43,https://guide.michelin.co.kr/ko/wp-content/uploads/sites/4/2016/11/Maison-de-la-Catégorie_3-1030x687.jpg,https://guide.michelin.co.kr/ko/wp-content/uploads/sites/4/2016/11/Maison-de-la-Catégorie_4-1030x687.jpg,https://guide.michelin.co.kr/ko/wp-content/uploads/sites/4/2016/11/Maison-de-la-Catégorie_1-1030x773.jpg
44,https://guide.michelin.co.kr/ko/wp-content/uploads/sites/4/2016/11/Myongdong-Kyoja_4.jpg,https://guide.michelin.co.kr/ko/wp-content/uploads/sites/4/2016/11/Myongdong-Kyoja_3.jpg,https://guide.michelin.co.kr/ko/wp-content/uploads/sites/4/2016/11/Myongdong-Kyoja_1.jpg
45,https://guide.michelin.co.kr/ko/wp-content/uploads/sites/4/2017/11/Momoyama_5-713x1030.jpg,https://guide.michelin.co.kr/ko/wp-content/uploads/sites/4/2017/11/Momoyama_3.jpg,https://guide.michelin.co.kr/ko/wp-content/uploads/sites/4/2017/11/Momoyama_4-687x1030.jpg
46,https://guide.michelin.co.kr/ko/wp-content/uploads/sites/4/2016/11/Mokmyeoksanbang_3.jpg,https://guide.michelin.co.kr/ko/wp-content/uploads/sites/4/2016/11/Mokmyeoksanbang_4.jpg,https://guide.michelin.co.kr/ko/wp-content/uploads/sites/4/2016/11/Mokmyeoksanbang_2.jpg
47,https://guide.michelin.co.kr/ko/wp-content/uploads/sites/4/2016/11/Mokcheon-jip_2.jpg,https://guide.michelin.co.kr/ko/wp-content/uploads/sites/4/2016/11/Mokcheon-jip_3.jpg,https://guide.michelin.co.kr/ko/wp-content/uploads/sites/4/2016/11/Mokcheon-jip_4.jpg
48,https://guide.michelin.co.kr/ko/wp-content/uploads/sites/4/2016/11/Mugunghwa_3.jpg,https://guide.michelin.co.kr/ko/wp-content/uploads/sites/4/2016/11/Mugunghwa_2.jpg,https://guide.michelin.co.kr/ko/wp-content/uploads/sites/4/2016/11/Mugunghwa_4.jpg
49,https://guide.michelin.co.kr/ko/wp-content/uploads/sites/4/2017/11/Minami_5.jpg,https://guide.michelin.co.kr/ko/wp-content/uploads/sites/4/2017/11/Minami_3.jpg,https://guide.michelin.co.kr/ko/wp-content/uploads/sites/4/2017/11/Minami_4.jpg
50,https://guide.michelin.co.kr/ko/wp-content/uploads/sites/4/2017/11/미미-1030x772.png,,
51,https://guide.michelin.co.kr/ko/wp-content/uploads/sites/4/2017/11/Mish-Mash_4.jpg,https://guide.michelin.co.kr/ko/wp-content/uploads/sites/4/2017/11/Mish-Mash_5.jpg,https://guide.michelin.co.kr/ko/wp-content/uploads/sites/4/2017/11/Mish-Mash_1-772x1030.jpg
52,https://guide.michelin.co.kr/ko/wp-content/uploads/sites/4/2017/11/Mi-Jin_3.jpg,https://guide.michelin.co.kr/ko/wp-content/uploads/sites/4/2017/11/Mi-Jin_4.jpg,https://guide.michelin.co.kr/ko/wp-content/uploads/sites/4/2017/11/Mi-Jin_2.jpg
53,https://guide.michelin.co.kr/ko/wp-content/uploads/sites/4/2017/11/Miko_5-687x1030.jpg,https://guide.michelin.co.kr/ko/wp-content/uploads/sites/4/2017/11/Miko_3.jpeg,https://guide.michelin.co.kr/ko/wp-content/uploads/sites/4/2017/11/Miko_4-687x1030.jpg
54,https://guide.michelin.co.kr/ko/wp-content/uploads/sites/4/2016/11/Mins-Kitchen_4-748x1030.jpg,https://guide.michelin.co.kr/ko/wp-content/uploads/sites/4/2016/11/Mins-Kitchen_5.jpg,https://guide.michelin.co.kr/ko/wp-content/uploads/sites/4/2016/11/Mins-Kitchen_6.jpg
55,https://guide.michelin.co.kr/ko/wp-content/uploads/sites/4/2017/11/Mealbon_3-772x1030.jpg,https://guide.michelin.co.kr/ko/wp-content/uploads/sites/4/2017/11/Mealbon_2.jpg,https://guide.michelin.co.kr/ko/wp-content/uploads/sites/4/2017/11/Mealbon_1.jpg
56,https://guide.michelin.co.kr/ko/wp-content/uploads/sites/4/2016/11/Mingles_2.jpg,https://guide.michelin.co.kr/ko/wp-content/uploads/sites/4/2016/11/Mingles_3-687x1030.jpg,https://guide.michelin.co.kr/ko/wp-content/uploads/sites/4/2016/11/Mingles_4.jpg
57,https://guide.michelin.co.kr/ko/wp-content/uploads/sites/4/2016/11/Balwoo-Gongyang_3-1030x685.jpg,https://guide.michelin.co.kr/ko/wp-content/uploads/sites/4/2016/11/Balwoo-Gongyang_1_4-1030x685.jpg,https://guide.michelin.co.kr/ko/wp-content/uploads/sites/4/2016/11/Balwoo-Gongyang_2-1030x884.jpg
58,https://guide.michelin.co.kr/ko/wp-content/uploads/sites/4/2016/11/Baecnyun-Tojong-Samgyetang_3-1030x773.jpg,https://guide.michelin.co.kr/ko/wp-content/uploads/sites/4/2016/11/Baecnyun-Tojong-Samgyetang_4-1030x773.jpg,https://guide.michelin.co.kr/ko/wp-content/uploads/sites/4/2016/11/Baecnyun-Tojong-Samgyetang_2-1030x773.jpg
59,https://guide.michelin.co.kr/ko/wp-content/uploads/sites/4/2016/11/Baecnyeonok_2-1030x773.jpg,https://guide.michelin.co.kr/ko/wp-content/uploads/sites/4/2016/11/Baecnyeonok_3-1030x773.jpg,https://guide.michelin.co.kr/ko/wp-content/uploads/sites/4/2016/11/Baecnyeonok_4-1030x773.jpg
60,https://guide.michelin.co.kr/ko/wp-content/uploads/sites/4/2016/11/Baek-Ni-Hyang_3-1030x687.jpg,https://guide.michelin.co.kr/ko/wp-content/uploads/sites/4/2016/11/Baek-Ni-Hyang_4-687x1030.jpg,https://guide.michelin.co.kr/ko/wp-content/uploads/sites/4/2016/11/Baek-Ni-Hyang_2-1030x687.jpg
61,https://guide.michelin.co.kr/ko/wp-content/uploads/sites/4/2016/11/Bamboo-House_3.jpg,https://guide.michelin.co.kr/ko/wp-content/uploads/sites/4/2016/11/Bamboo-House_4-1030x687.jpg,https://guide.michelin.co.kr/ko/wp-content/uploads/sites/4/2016/11/Bamboo-House_2-1030x688.jpg
62,https://guide.michelin.co.kr/ko/wp-content/uploads/sites/4/2016/11/Budnamujip_3-1030x773.jpg,https://guide.michelin.co.kr/ko/wp-content/uploads/sites/4/2016/11/Budnamujip_4-958x1030.jpg,https://guide.michelin.co.kr/ko/wp-content/uploads/sites/4/2016/11/Budnamujip_2-773x1030.jpg
63,https://guide.michelin.co.kr/ko/wp-content/uploads/sites/4/2017/11/Byuckje-Galbi_1.jpg,https://guide.michelin.co.kr/ko/wp-content/uploads/sites/4/2017/11/Byuckje-Galbi_2.jpg,https://guide.michelin.co.kr/ko/wp-content/uploads/sites/4/2017/11/Byuckje-Galbi_3.jpg
64,https://guide.michelin.co.kr/ko/wp-content/uploads/sites/4/2016/11/Bouna-Sera_4-1030x687.jpg,https://guide.michelin.co.kr/ko/wp-content/uploads/sites/4/2016/11/Bouna-Sera_5-1030x687.jpg,https://guide.michelin.co.kr/ko/wp-content/uploads/sites/4/2016/11/Bouna-Sera_2-1030x687.jpg
65,https://guide.michelin.co.kr/ko/wp-content/uploads/sites/4/2016/11/Boreumsae_44-1030x687.jpg,https://guide.michelin.co.kr/ko/wp-content/uploads/sites/4/2016/11/Boreumsae_3-1030x773.jpg,https://guide.michelin.co.kr/ko/wp-content/uploads/sites/4/2016/11/Boreumsae_2-1030x687.jpg
66,https://guide.michelin.co.kr/ko/wp-content/uploads/sites/4/2016/11/Boccalino_1-1030x687.jpg,https://guide.michelin.co.kr/ko/wp-content/uploads/sites/4/2016/11/Boccalino_3-1030x686.jpg,https://guide.michelin.co.kr/ko/wp-content/uploads/sites/4/2016/11/Boccalino_4-1030x687.jpg
67,https://guide.michelin.co.kr/ko/wp-content/uploads/sites/4/2016/11/Votre-Maison_1.jpg,https://guide.michelin.co.kr/ko/wp-content/uploads/sites/4/2016/11/Votre-Maison_2.jpg,https://guide.michelin.co.kr/ko/wp-content/uploads/sites/4/2016/11/Votre-Maison_3.jpg
68,https://guide.michelin.co.kr/ko/wp-content/uploads/sites/4/2016/11/Vault-Steakhouse_2-772x1030.jpg,https://guide.michelin.co.kr/ko/wp-content/uploads/sites/4/2016/11/Vault-Steakhouse_3.jpg,https://guide.michelin.co.kr/ko/wp-content/uploads/sites/4/2016/11/Vault-Steakhouse_4.jpg
69,https://guide.michelin.co.kr/ko/wp-content/uploads/sites/4/2017/11/Volpino_1-1.jpg,https://guide.michelin.co.kr/ko/wp-content/uploads/sites/4/2017/11/Volpino_2-1.jpg,https://guide.michelin.co.kr/ko/wp-content/uploads/sites/4/2017/11/Volpino_3-1.jpg
70,https://guide.michelin.co.kr/ko/wp-content/uploads/sites/4/2017/11/Bongmilga_1-1030x773.jpg,https://guide.michelin.co.kr/ko/wp-content/uploads/sites/4/2017/11/Bongmilga_2-1030x773.jpg,https://guide.michelin.co.kr/ko/wp-content/uploads/sites/4/2017/11/Bongmilga_3-1030x773.jpg
71,https://guide.michelin.co.kr/ko/wp-content/uploads/sites/4/2016/11/Bongpiyang_4-773x1030.jpg,https://guide.michelin.co.kr/ko/wp-content/uploads/sites/4/2016/11/Bongpiyang_3-772x1030.jpg,https://guide.michelin.co.kr/ko/wp-content/uploads/sites/4/2016/11/Bongpiyang_2-1030x687.jpg
72,https://guide.michelin.co.kr/ko/wp-content/uploads/sites/4/2016/11/BB_1-1030x772.png,,
73,https://guide.michelin.co.kr/ko/wp-content/uploads/sites/4/2016/11/Buchon-Yukhoe_3-1030x749.jpeg,https://guide.michelin.co.kr/ko/wp-content/uploads/sites/4/2016/11/Buchon-Yukhoe_4-1030x749.jpeg,https://guide.michelin.co.kr/ko/wp-content/uploads/sites/4/2016/11/Buchon-Yukhoe_5-1030x773.jpg
74,https://guide.michelin.co.kr/ko/wp-content/uploads/sites/4/2016/11/Bukmakgol_1-1030x773.jpg,https://guide.michelin.co.kr/ko/wp-content/uploads/sites/4/2016/11/Bukmakgol_2-1030x773.jpg,https://guide.michelin.co.kr/ko/wp-content/uploads/sites/4/2016/11/Bukmakgol_3-1030x773.jpg
75,https://guide.michelin.co.kr/ko/wp-content/uploads/sites/4/2017/11/Brera_1-1030x773.jpg,https://guide.michelin.co.kr/ko/wp-content/uploads/sites/4/2017/11/Brera_2-1030x773.jpg,https://guide.michelin.co.kr/ko/wp-content/uploads/sites/4/2017/11/Brera_5-1030x773.jpg
76,https://guide.michelin.co.kr/ko/wp-content/uploads/sites/4/2016/11/Bistro-de-Yountville_1-1030x773.jpg,https://guide.michelin.co.kr/ko/wp-content/uploads/sites/4/2016/11/Bistro-de-Yountville_2-1030x773.jpg,https://guide.michelin.co.kr/ko/wp-content/uploads/sites/4/2016/11/Bistro-de-Yountville_3-1030x773.jpg
77,https://guide.michelin.co.kr/ko/wp-content/uploads/sites/4/2017/04/Bicena_22-687x1030.jpg,https://guide.michelin.co.kr/ko/wp-content/uploads/sites/4/2017/04/Bicena_33-1030x687.jpg,https://guide.michelin.co.kr/ko/wp-content/uploads/sites/4/2017/04/Bicena_44-687x1030.jpg
78,https://guide.michelin.co.kr/ko/wp-content/uploads/sites/4/2016/11/Samwon-Garden_4-687x1030.jpg,https://guide.michelin.co.kr/ko/wp-content/uploads/sites/4/2016/11/Samwon-Garden_3-727x1030.jpg,https://guide.michelin.co.kr/ko/wp-content/uploads/sites/4/2016/11/Samwon-Garden_5.jpg
79,https://guide.michelin.co.kr/ko/wp-content/uploads/sites/4/2016/11/Samcheongdong-Sujebi_2.jpg,https://guide.michelin.co.kr/ko/wp-content/uploads/sites/4/2016/11/Samcheongdong-Sujebi_3.jpg,https://guide.michelin.co.kr/ko/wp-content/uploads/sites/4/2016/11/Samcheongdong-Sujebi_4.jpg
80,https://guide.michelin.co.kr/ko/wp-content/uploads/sites/4/2017/11/Seoul-Dining_2.jpg,https://guide.michelin.co.kr/ko/wp-content/uploads/sites/4/2017/11/Seoul-Dining_3.jpg,https://guide.michelin.co.kr/ko/wp-content/uploads/sites/4/2017/11/Seoul-Dining_4.jpg
81,https://guide.michelin.co.kr/ko/wp-content/uploads/sites/4/2016/11/Seochon-Chef-Kim_5-772x1030.jpg,https://guide.michelin.co.kr/ko/wp-content/uploads/sites/4/2016/11/Seochon-Chef-Kim_3.jpg,https://guide.michelin.co.kr/ko/wp-content/uploads/sites/4/2016/11/Seochon-Chef-Kim_4.jpg
82,https://guide.michelin.co.kr/ko/wp-content/uploads/sites/4/2016/11/Soekparang_4.jpg,https://guide.michelin.co.kr/ko/wp-content/uploads/sites/4/2016/11/Soekparang_3.jpg,https://guide.michelin.co.kr/ko/wp-content/uploads/sites/4/2016/11/Soekparang_2.jpg
83,https://guide.michelin.co.kr/ko/wp-content/uploads/sites/4/2017/11/Soie-et-Epice_1-795x1030.jpg,https://guide.michelin.co.kr/ko/wp-content/uploads/sites/4/2017/11/Soie-et-Epice_2.jpg,https://guide.michelin.co.kr/ko/wp-content/uploads/sites/4/2017/11/Soie-et-Epice_3-772x1030.jpg
84,https://guide.michelin.co.kr/ko/wp-content/uploads/sites/4/2016/11/Subaru_3-772x1030.jpg,https://guide.michelin.co.kr/ko/wp-content/uploads/sites/4/2016/11/Subaru_1.jpg,https://guide.michelin.co.kr/ko/wp-content/uploads/sites/4/2016/11/Subaru_2.jpg
85,https://guide.michelin.co.kr/ko/wp-content/uploads/sites/4/2016/11/Sushi-Sunsoo_3.jpg,https://guide.michelin.co.kr/ko/wp-content/uploads/sites/4/2016/11/Sushi-Sunsoo_4.jpg,https://guide.michelin.co.kr/ko/wp-content/uploads/sites/4/2016/11/Sushi-Sunsoo_5.jpg
86,https://guide.michelin.co.kr/ko/wp-content/uploads/sites/4/2017/11/무라카미-1030x772.png,https://guide.michelin.co.kr/ko/wp-content/uploads/sites/4/2017/11/Sushi-Murakami_3-772x1030.jpg,https://guide.michelin.co.kr/ko/wp-content/uploads/sites/4/2017/11/Sushi-Murakami_4-772x1030.jpg
87,https://guide.michelin.co.kr/ko/wp-content/uploads/sites/4/2016/11/Sushi-Chohi_2.jpg,https://guide.michelin.co.kr/ko/wp-content/uploads/sites/4/2016/11/Sushi-Chohi_3.jpg,https://guide.michelin.co.kr/ko/wp-content/uploads/sites/4/2016/11/Sushi-Chohi_4-688x1030.jpg
88,https://guide.michelin.co.kr/ko/wp-content/uploads/sites/4/2016/11/Sushi-Man_2.jpg,https://guide.michelin.co.kr/ko/wp-content/uploads/sites/4/2016/11/Sushi-Man_1.jpg,https://guide.michelin.co.kr/ko/wp-content/uploads/sites/4/2016/11/Sushi-Man_3.jpg
89,https://guide.michelin.co.kr/ko/wp-content/uploads/sites/4/2016/11/Sushi-Cho_5.jpg,https://guide.michelin.co.kr/ko/wp-content/uploads/sites/4/2016/11/Sushi-Cho_4-772x1030.jpg,https://guide.michelin.co.kr/ko/wp-content/uploads/sites/4/2016/11/Sushi-Cho_3.jpg
90,https://guide.michelin.co.kr/ko/wp-content/uploads/sites/4/2016/11/Sushi-Hyo_3.jpg,https://guide.michelin.co.kr/ko/wp-content/uploads/sites/4/2016/11/Sushi-Hyo_2.jpg,https://guide.michelin.co.kr/ko/wp-content/uploads/sites/4/2016/11/Sushi-Hyo_4.jpg
91,https://guide.michelin.co.kr/ko/wp-content/uploads/sites/4/2016/11/Soigne_2.jpg,https://guide.michelin.co.kr/ko/wp-content/uploads/sites/4/2016/11/Soigne_3.jpg,https://guide.michelin.co.kr/ko/wp-content/uploads/sites/4/2016/11/Soigne_4.jpg
92,https://guide.michelin.co.kr/ko/wp-content/uploads/sites/4/2017/11/Stay_4.jpg,https://guide.michelin.co.kr/ko/wp-content/uploads/sites/4/2017/11/Stay_2.jpg,https://guide.michelin.co.kr/ko/wp-content/uploads/sites/4/2017/11/Stay_1.jpg
93,https://guide.michelin.co.kr/ko/wp-content/uploads/sites/4/2017/11/Steak-House_1.jpg,https://guide.michelin.co.kr/ko/wp-content/uploads/sites/4/2017/11/Steak-House_2.jpg,https://guide.michelin.co.kr/ko/wp-content/uploads/sites/4/2017/11/Steak-House_3.jpg
94,https://guide.michelin.co.kr/ko/wp-content/uploads/sites/4/2016/11/Arirang_1-1030x687.jpg,https://guide.michelin.co.kr/ko/wp-content/uploads/sites/4/2016/11/Arirang_2-1030x687.jpg,https://guide.michelin.co.kr/ko/wp-content/uploads/sites/4/2016/11/Arirang_3-1030x687.jpg
95,https://guide.michelin.co.kr/ko/wp-content/uploads/sites/4/2017/11/Mr.Ahns-Craft-Makgeolli_2-687x1030.jpg,https://guide.michelin.co.kr/ko/wp-content/uploads/sites/4/2017/11/Mr.Ahns-Craft-Makgeolli_3-687x1030.jpg,https://guide.michelin.co.kr/ko/wp-content/uploads/sites/4/2017/11/Mr.Ahns-Craft-Makgeolli_4.jpg
96,https://guide.michelin.co.kr/ko/wp-content/uploads/sites/4/2016/11/Alla-Prima_4.jpg,https://guide.michelin.co.kr/ko/wp-content/uploads/sites/4/2016/11/Alla-Prima_3.jpg,https://guide.michelin.co.kr/ko/wp-content/uploads/sites/4/2016/11/Alla-Prima_5-1030x773.jpg
97,https://guide.michelin.co.kr/ko/wp-content/uploads/sites/4/2017/11/Yangyang-Memil-Makguksu_2.jpg,https://guide.michelin.co.kr/ko/wp-content/uploads/sites/4/2017/11/Yangyang-Memil-Makguksu_4.jpg,https://guide.michelin.co.kr/ko/wp-content/uploads/sites/4/2017/11/Yangyang-Memil-Makguksu_1.jpg
98,https://guide.michelin.co.kr/ko/wp-content/uploads/sites/4/2017/11/Emoi_1.jpg,https://guide.michelin.co.kr/ko/wp-content/uploads/sites/4/2017/11/Emoi_2.jpg,https://guide.michelin.co.kr/ko/wp-content/uploads/sites/4/2017/11/Emoi_3.jpg
99,https://guide.michelin.co.kr/ko/wp-content/uploads/sites/4/2016/11/Yukjeon-Hoekwan_2.jpg,https://guide.michelin.co.kr/ko/wp-content/uploads/sites/4/2016/11/Yukjeon-Hoekwan_3.jpeg,https://guide.michelin.co.kr/ko/wp-content/uploads/sites/4/2016/11/Yukjeon-Hoekwan_4.jpg
100,https://guide.michelin.co.kr/ko/wp-content/uploads/sites/4/2016/11/Ogane-Jokbal_3-772x1030.jpg,https://guide.michelin.co.kr/ko/wp-content/uploads/sites/4/2016/11/Ogane-Jokbal_2.jpeg,https://guide.michelin.co.kr/ko/wp-content/uploads/sites/4/2016/11/Ogane-Jokbal_1.jpg
101,https://guide.michelin.co.kr/ko/wp-content/uploads/sites/4/2016/11/Ogeunnae-Dakgalbi_4.jpg,https://guide.michelin.co.kr/ko/wp-content/uploads/sites/4/2016/11/Ogeunnae-Dakgalbi_3.jpg,https://guide.michelin.co.kr/ko/wp-content/uploads/sites/4/2016/11/Ogeunnae-Dakgalbi_1.jpg
102,https://guide.michelin.co.kr/ko/wp-content/uploads/sites/4/2017/11/O-Mangia_4.jpg,https://guide.michelin.co.kr/ko/wp-content/uploads/sites/4/2017/11/O-Mangia_2.jpg,https://guide.michelin.co.kr/ko/wp-content/uploads/sites/4/2017/11/O-Mangia_1.jpg
103,https://guide.michelin.co.kr/ko/wp-content/uploads/sites/4/2016/11/Ojangdong-Hamheung-Naengmyeon_2.jpg,https://guide.michelin.co.kr/ko/wp-content/uploads/sites/4/2016/11/Ojangdong-Hamheung-Naengmyeon_3.jpg,https://guide.michelin.co.kr/ko/wp-content/uploads/sites/4/2016/11/Ojangdong-Hamheung-Naengmyeon_4.jpg
104,https://guide.michelin.co.kr/ko/wp-content/uploads/sites/4/2016/11/Oh-Tongyoung_4.jpg,https://guide.michelin.co.kr/ko/wp-content/uploads/sites/4/2016/11/Oh-Tongyoung_5.jpg,https://guide.michelin.co.kr/ko/wp-content/uploads/sites/4/2016/11/Oh-Tongyoung_2-772x1030.jpg
105,https://guide.michelin.co.kr/ko/wp-content/uploads/sites/4/2017/11/Aupres_1-1030x687.jpg,https://guide.michelin.co.kr/ko/wp-content/uploads/sites/4/2017/11/Aupres_2-1030x687.jpg,https://guide.michelin.co.kr/ko/wp-content/uploads/sites/4/2017/11/Aupres_3-1030x687.jpg
106,https://guide.michelin.co.kr/ko/wp-content/uploads/sites/4/2017/11/Okdongsik_1.jpg,https://guide.michelin.co.kr/ko/wp-content/uploads/sites/4/2017/11/Okdongsik_2.jpg,https://guide.michelin.co.kr/ko/wp-content/uploads/sites/4/2017/11/Okdongsik_3.jpg
107,https://guide.michelin.co.kr/ko/wp-content/uploads/sites/4/2016/11/Ondal_2.jpg,https://guide.michelin.co.kr/ko/wp-content/uploads/sites/4/2016/11/Ondal_3.jpg,https://guide.michelin.co.kr/ko/wp-content/uploads/sites/4/2016/11/Ondal_4.jpg
108,https://guide.michelin.co.kr/ko/wp-content/uploads/sites/4/2017/11/Olh-Eum_1.jpg,https://guide.michelin.co.kr/ko/wp-content/uploads/sites/4/2017/11/Olh-Eum_2.jpg,https://guide.michelin.co.kr/ko/wp-content/uploads/sites/4/2017/11/Olh-Eum_3.jpg
109,https://guide.michelin.co.kr/ko/wp-content/uploads/sites/4/2016/11/외고집-1030x772.png,,
110,https://guide.michelin.co.kr/ko/wp-content/uploads/sites/4/2016/11/Yonggeumok_1-772x1030.jpg,https://guide.michelin.co.kr/ko/wp-content/uploads/sites/4/2016/11/Yonggeumok_2.jpg,https://guide.michelin.co.kr/ko/wp-content/uploads/sites/4/2016/11/Yonggeumok_3.jpg
111,https://guide.michelin.co.kr/ko/wp-content/uploads/sites/4/2016/11/Yongsusan_1.jpg,https://guide.michelin.co.kr/ko/wp-content/uploads/sites/4/2016/11/Yongsusan_2.jpg,https://guide.michelin.co.kr/ko/wp-content/uploads/sites/4/2016/11/Yongsusan_3.jpg
112,https://guide.michelin.co.kr/ko/wp-content/uploads/sites/4/2016/11/Wooga_1-772x1030.jpg,https://guide.michelin.co.kr/ko/wp-content/uploads/sites/4/2016/11/Wooga_2.jpg,https://guide.michelin.co.kr/ko/wp-content/uploads/sites/4/2016/11/Wooga_3-738x1030.jpg
113,https://guide.michelin.co.kr/ko/wp-content/uploads/sites/4/2016/11/Woo-Lae-Oak_3.jpg,https://guide.michelin.co.kr/ko/wp-content/uploads/sites/4/2016/11/Woo-Lae-Oak_2.jpg,https://guide.michelin.co.kr/ko/wp-content/uploads/sites/4/2016/11/Woo-Lae-Oak_1.jpg
114,https://guide.michelin.co.kr/ko/wp-content/uploads/sites/4/2016/11/Uo_3.jpg,https://guide.michelin.co.kr/ko/wp-content/uploads/sites/4/2016/11/Uo_4.jpg,https://guide.michelin.co.kr/ko/wp-content/uploads/sites/4/2016/11/Uo_5.jpg
115,https://guide.michelin.co.kr/ko/wp-content/uploads/sites/4/2017/11/Wooyukmien_4.jpg,https://guide.michelin.co.kr/ko/wp-content/uploads/sites/4/2017/11/Wooyukmien_5.jpg,https://guide.michelin.co.kr/ko/wp-content/uploads/sites/4/2017/11/Wooyukmien_3.jpg
116,https://guide.michelin.co.kr/ko/wp-content/uploads/sites/4/2016/11/우참판-1030x772.png,https://guide.michelin.co.kr/ko/wp-content/uploads/sites/4/2016/11/Woochampan_3.jpg,https://guide.michelin.co.kr/ko/wp-content/uploads/sites/4/2016/11/Woochampan_4.jpg
117,https://guide.michelin.co.kr/ko/wp-content/uploads/sites/4/2016/11/Yu-Yuan_1.jpg,https://guide.michelin.co.kr/ko/wp-content/uploads/sites/4/2016/11/Yu-Yuan_3.jpg,https://guide.michelin.co.kr/ko/wp-content/uploads/sites/4/2016/11/Yu-Yuan_4.jpg
118,https://guide.michelin.co.kr/ko/wp-content/uploads/sites/4/2017/11/Inaniwa-Yosuke_2.jpeg,https://guide.michelin.co.kr/ko/wp-content/uploads/sites/4/2017/11/Inaniwa-Yosuke_3.jpg,https://guide.michelin.co.kr/ko/wp-content/uploads/sites/4/2017/11/Inaniwa-Yosuke_4.jpg
119,https://guide.michelin.co.kr/ko/wp-content/uploads/sites/4/2017/11/Yido-Mansion_1.jpg,https://guide.michelin.co.kr/ko/wp-content/uploads/sites/4/2017/11/Yido-Mansion_3-687x1030.jpg,https://guide.michelin.co.kr/ko/wp-content/uploads/sites/4/2017/11/Yido-Mansion_4-687x1030.jpg
120,https://guide.michelin.co.kr/ko/wp-content/uploads/sites/4/2016/11/Imun-Seollongtang_2.jpg,https://guide.michelin.co.kr/ko/wp-content/uploads/sites/4/2016/11/Imun-Seollongtang_3.jpg,https://guide.michelin.co.kr/ko/wp-content/uploads/sites/4/2016/11/Imun-Seollongtang_1-772x1030.jpg
121,https://guide.michelin.co.kr/ko/wp-content/uploads/sites/4/2016/11/Twenty-Four-Seasons_1.jpg,https://guide.michelin.co.kr/ko/wp-content/uploads/sites/4/2016/11/Twenty-Four-Seasons_2.jpg,https://guide.michelin.co.kr/ko/wp-content/uploads/sites/4/2016/11/Twenty-Four-Seasons_4.jpg
122,https://guide.michelin.co.kr/ko/wp-content/uploads/sites/4/2016/11/Ichiryu_3-685x1030.jpg,https://guide.michelin.co.kr/ko/wp-content/uploads/sites/4/2016/11/Ichiryu_4.jpg,https://guide.michelin.co.kr/ko/wp-content/uploads/sites/4/2016/11/Ichiryu_2.jpg
123,https://guide.michelin.co.kr/ko/wp-content/uploads/sites/4/2016/11/Italyjae_1.jpg,https://guide.michelin.co.kr/ko/wp-content/uploads/sites/4/2016/11/Italyjae_4.jpg,https://guide.michelin.co.kr/ko/wp-content/uploads/sites/4/2016/11/Italyjae_2.jpg
124,https://guide.michelin.co.kr/ko/wp-content/uploads/sites/4/2017/11/Exquisine_1-772x1030.jpg,https://guide.michelin.co.kr/ko/wp-content/uploads/sites/4/2017/11/Exquisine_3.jpg,https://guide.michelin.co.kr/ko/wp-content/uploads/sites/4/2017/11/Exquisine_4-772x1030.jpg
125,https://guide.michelin.co.kr/ko/wp-content/uploads/sites/4/2017/11/Ilhochic_1.jpg,https://guide.michelin.co.kr/ko/wp-content/uploads/sites/4/2017/11/Ilhochic_2.jpg,https://guide.michelin.co.kr/ko/wp-content/uploads/sites/4/2017/11/Ilhochic_3.jpg
126,https://guide.michelin.co.kr/ko/wp-content/uploads/sites/4/2016/11/Limbyungjoo-Sandong-Kal-guksu_3.jpg,https://guide.michelin.co.kr/ko/wp-content/uploads/sites/4/2016/11/Limbyungjoo-Sandong-Kal-guksu_4.jpg,https://guide.michelin.co.kr/ko/wp-content/uploads/sites/4/2016/11/Limbyungjoo-Sandong-Kal-guksu_2.jpg
127,https://guide.michelin.co.kr/ko/wp-content/uploads/sites/4/2016/11/Jaha-Son-Mandu_4.jpg,https://guide.michelin.co.kr/ko/wp-content/uploads/sites/4/2016/11/Jaha-Son-Mandu_5-772x1030.jpg,https://guide.michelin.co.kr/ko/wp-content/uploads/sites/4/2016/11/Jaha-Son-Mandu_1.jpg
128,https://guide.michelin.co.kr/ko/wp-content/uploads/sites/4/2016/11/Jungsik_5.jpg,https://guide.michelin.co.kr/ko/wp-content/uploads/sites/4/2016/11/Jungsik_6.jpg,https://guide.michelin.co.kr/ko/wp-content/uploads/sites/4/2016/11/Jungsik_4.jpg
129,https://guide.michelin.co.kr/ko/wp-content/uploads/sites/4/2016/11/Jungin-Myeonok_1.jpg,https://guide.michelin.co.kr/ko/wp-content/uploads/sites/4/2016/11/Jungin-Myeonok_3.jpg,https://guide.michelin.co.kr/ko/wp-content/uploads/sites/4/2016/11/Jungin-Myeonok_4.jpg
130,https://guide.michelin.co.kr/ko/wp-content/uploads/sites/4/2016/11/Zero-1030x772.png,,
131,https://guide.michelin.co.kr/ko/wp-content/uploads/sites/4/2017/11/KakaoTalk_20171019_192022285-1030x1030.jpg,https://guide.michelin.co.kr/ko/wp-content/uploads/sites/4/2017/11/juban_385A3445-1030x695.jpg,https://guide.michelin.co.kr/ko/wp-content/uploads/sites/4/2017/11/IMG_20171023_005145_432.jpg
132,https://guide.michelin.co.kr/ko/wp-content/uploads/sites/4/2016/11/Joo-Ok_4.jpg,https://guide.michelin.co.kr/ko/wp-content/uploads/sites/4/2016/11/Joo-Ok_5.jpg,https://guide.michelin.co.kr/ko/wp-content/uploads/sites/4/2016/11/Joo-Ok_6.jpg
133,https://guide.michelin.co.kr/ko/wp-content/uploads/sites/4/2016/11/July_3.jpg,https://guide.michelin.co.kr/ko/wp-content/uploads/sites/4/2016/11/July_4.jpg,https://guide.michelin.co.kr/ko/wp-content/uploads/sites/4/2016/11/July_2.jpg
134,https://guide.michelin.co.kr/ko/wp-content/uploads/sites/4/2017/11/Jinmi-Pyungyang_3.jpg,https://guide.michelin.co.kr/ko/wp-content/uploads/sites/4/2017/11/Jinmi-Pyungyang_4.jpg,https://guide.michelin.co.kr/ko/wp-content/uploads/sites/4/2017/11/Jinmi-Pyungyang_2.jpg
135,https://guide.michelin.co.kr/ko/wp-content/uploads/sites/4/2016/11/IMG_1695-1030x773.jpg,https://guide.michelin.co.kr/ko/wp-content/uploads/sites/4/2016/11/IMG_1693-1030x773.jpg,https://guide.michelin.co.kr/ko/wp-content/uploads/sites/4/2016/11/IMG_1689-1030x773.jpg
136,https://guide.michelin.co.kr/ko/wp-content/uploads/sites/4/2016/11/Jin-Jin_3.jpg,https://guide.michelin.co.kr/ko/wp-content/uploads/sites/4/2016/11/Jin-Jin_4.jpg,https://guide.michelin.co.kr/ko/wp-content/uploads/sites/4/2016/11/Jin-Jin_2.jpg
137,https://guide.michelin.co.kr/ko/wp-content/uploads/sites/4/2016/11/Chanyangjip_3-1030x835.jpg,https://guide.michelin.co.kr/ko/wp-content/uploads/sites/4/2016/11/Chanyangjip_2-1030x773.jpg,https://guide.michelin.co.kr/ko/wp-content/uploads/sites/4/2016/11/Chanyangjip_1-994x1030.jpg
138,https://guide.michelin.co.kr/ko/wp-content/uploads/sites/4/2016/11/Chaegundaam_1-773x1030.jpg,https://guide.michelin.co.kr/ko/wp-content/uploads/sites/4/2016/11/Chaegundaam_2-1030x773.jpg,https://guide.michelin.co.kr/ko/wp-content/uploads/sites/4/2016/11/Chaegundaam_3-1030x773.jpg
139,https://guide.michelin.co.kr/ko/wp-content/uploads/sites/4/2017/11/CHOI._1.jpg,https://guide.michelin.co.kr/ko/wp-content/uploads/sites/4/2017/11/CHOI._2-1030x773.jpg,https://guide.michelin.co.kr/ko/wp-content/uploads/sites/4/2017/11/CHOI._3-1030x773.jpg
140,https://guide.michelin.co.kr/ko/wp-content/uploads/sites/4/2016/11/Chungmuro-Jjukkumi-Bulgogi_3-1030x773.jpg,https://guide.michelin.co.kr/ko/wp-content/uploads/sites/4/2016/11/Chungmuro-Jjukkumi-Bulgogi_4-1030x773.jpg,https://guide.michelin.co.kr/ko/wp-content/uploads/sites/4/2016/11/Chungmuro-Jjukkumi-Bulgogi_2-1030x773.jpg
141,https://guide.michelin.co.kr/ko/wp-content/uploads/sites/4/2016/11/Caden_4-1030x824.jpg,https://guide.michelin.co.kr/ko/wp-content/uploads/sites/4/2016/11/Caden_3-1030x824.jpg,https://guide.michelin.co.kr/ko/wp-content/uploads/sites/4/2016/11/Caden_2-1030x824.jpg
142,https://guide.michelin.co.kr/ko/wp-content/uploads/sites/4/2016/11/Koroviar_3.jpg,https://guide.michelin.co.kr/ko/wp-content/uploads/sites/4/2016/11/Koroviar_2.jpg,https://guide.michelin.co.kr/ko/wp-content/uploads/sites/4/2016/11/Koroviar_4.jpg
143,https://guide.michelin.co.kr/ko/wp-content/uploads/sites/4/2016/11/Kojima_2.jpg,https://guide.michelin.co.kr/ko/wp-content/uploads/sites/4/2016/11/Kojima_3-772x1030.jpg,https://guide.michelin.co.kr/ko/wp-content/uploads/sites/4/2016/11/Kojima_4-772x1030.jpg
144,https://guide.michelin.co.kr/ko/wp-content/uploads/sites/4/2016/11/Continental_1-1030x687.jpg,https://guide.michelin.co.kr/ko/wp-content/uploads/sites/4/2016/11/Continental_2.jpg,https://guide.michelin.co.kr/ko/wp-content/uploads/sites/4/2016/11/Continental_3.jpg
145,https://guide.michelin.co.kr/ko/wp-content/uploads/sites/4/2016/11/Crystal-Jade_3.jpg,https://guide.michelin.co.kr/ko/wp-content/uploads/sites/4/2016/11/Crystal-Jade_4-687x1030.jpg,https://guide.michelin.co.kr/ko/wp-content/uploads/sites/4/2016/11/Crystal-Jade_5-1030x771.jpg
146,https://guide.michelin.co.kr/ko/wp-content/uploads/sites/4/2016/11/Keunkiwajip_4.jpg,https://guide.michelin.co.kr/ko/wp-content/uploads/sites/4/2016/11/Keunkiwajip_5.jpg,https://guide.michelin.co.kr/ko/wp-content/uploads/sites/4/2016/11/Keunkiwajip_1.jpg
147,https://guide.michelin.co.kr/ko/wp-content/uploads/sites/4/2016/11/TAVERN38_1-687x1030.jpg,https://guide.michelin.co.kr/ko/wp-content/uploads/sites/4/2016/11/TAVERN38_2-687x1030.jpg,https://guide.michelin.co.kr/ko/wp-content/uploads/sites/4/2016/11/TAVERN38_3.jpg
148,https://guide.michelin.co.kr/ko/wp-content/uploads/sites/4/2017/11/Tongue-Groove-Joint_3-772x1030.jpg,https://guide.michelin.co.kr/ko/wp-content/uploads/sites/4/2017/11/Tongue-Groove-Joint_4-772x1030.jpg,https://guide.michelin.co.kr/ko/wp-content/uploads/sites/4/2017/11/Tongue-Groove-Joint_2.jpg
149,https://guide.michelin.co.kr/ko/wp-content/uploads/sites/4/2016/11/Table-34_2.jpg,https://guide.michelin.co.kr/ko/wp-content/uploads/sites/4/2016/11/Table34_3.jpg,https://guide.michelin.co.kr/ko/wp-content/uploads/sites/4/2016/11/Table34_4.jpg
150,https://guide.michelin.co.kr/ko/wp-content/uploads/sites/4/2016/11/IMG_1338-e1478507784874-773x1030.jpg,https://guide.michelin.co.kr/ko/wp-content/uploads/sites/4/2016/11/IMG_1344-e1478507791405-773x1030.jpg,https://guide.michelin.co.kr/ko/wp-content/uploads/sites/4/2016/11/IMG_1348-1-1030x773.jpg
151,https://guide.michelin.co.kr/ko/wp-content/uploads/sites/4/2016/11/Toc-Toc_2-799x1030.jpg,https://guide.michelin.co.kr/ko/wp-content/uploads/sites/4/2016/11/Toc-Toc_3-735x1030.jpg,https://guide.michelin.co.kr/ko/wp-content/uploads/sites/4/2016/11/Toc-Toc_4.jpg
152,https://guide.michelin.co.kr/ko/wp-content/uploads/sites/4/2016/11/Tuktuk-Noodle-Thai_5-772x1030.jpg,https://guide.michelin.co.kr/ko/wp-content/uploads/sites/4/2016/11/Tuktuk-Noodle-Thai_2.jpeg,https://guide.michelin.co.kr/ko/wp-content/uploads/sites/4/2016/11/Tuktuk-Noodle-Thai_3-772x1030.jpeg
153,https://guide.michelin.co.kr/ko/wp-content/uploads/sites/4/2017/11/Trattoria-Molto_2.jpg,https://guide.michelin.co.kr/ko/wp-content/uploads/sites/4/2017/11/Trattoria-Molto_3.jpg,https://guide.michelin.co.kr/ko/wp-content/uploads/sites/4/2017/11/Trattoria-Molto_4.jpg
154,https://guide.michelin.co.kr/ko/wp-content/uploads/sites/4/2016/11/Passionne_1.jpg,https://guide.michelin.co.kr/ko/wp-content/uploads/sites/4/2016/11/Passionne_2-687x1030.jpg,https://guide.michelin.co.kr/ko/wp-content/uploads/sites/4/2016/11/Passionne_3.jpg
155,https://guide.michelin.co.kr/ko/wp-content/uploads/sites/4/2016/11/Palais-de-Gaumont_1.jpg,https://guide.michelin.co.kr/ko/wp-content/uploads/sites/4/2016/11/Palais-de-Gaumont_2.jpg,https://guide.michelin.co.kr/ko/wp-content/uploads/sites/4/2016/11/Palais-de-Gaumont_3.jpg
156,https://guide.michelin.co.kr/ko/wp-content/uploads/sites/4/2016/11/Peongyang-Myeonok_2.jpg,https://guide.michelin.co.kr/ko/wp-content/uploads/sites/4/2016/11/Peongyang-Myeonok_1.jpg,https://guide.michelin.co.kr/ko/wp-content/uploads/sites/4/2016/11/Peongyang-Myeonok_3.jpg
157,https://guide.michelin.co.kr/ko/wp-content/uploads/sites/4/2016/11/POOM_1.jpg,https://guide.michelin.co.kr/ko/wp-content/uploads/sites/4/2016/11/POOM_2.jpg,https://guide.michelin.co.kr/ko/wp-content/uploads/sites/4/2016/11/POOM_3-772x1030.jpg
158,https://guide.michelin.co.kr/ko/wp-content/uploads/sites/4/2016/11/Flower-Child_2.jpg,https://guide.michelin.co.kr/ko/wp-content/uploads/sites/4/2016/11/Flower-Child_3.jpg,https://guide.michelin.co.kr/ko/wp-content/uploads/sites/4/2016/11/Flower-Child_1.jpg
159,https://guide.michelin.co.kr/ko/wp-content/uploads/sites/4/2016/11/IMG_1912-1030x773.jpg,https://guide.michelin.co.kr/ko/wp-content/uploads/sites/4/2016/11/IMG_1092-2-1030x773.jpg,https://guide.michelin.co.kr/ko/wp-content/uploads/sites/4/2016/11/IMG_1094-2-1030x773.jpg
160,https://guide.michelin.co.kr/ko/wp-content/uploads/sites/4/2016/11/Pilkyungjae_1.jpg,https://guide.michelin.co.kr/ko/wp-content/uploads/sites/4/2016/11/Pilkyungjae_2.jpg,https://guide.michelin.co.kr/ko/wp-content/uploads/sites/4/2016/11/Pilkyungjae_3.jpg
161,https://guide.michelin.co.kr/ko/wp-content/uploads/sites/4/2016/11/Pildong-Myeonok_2.jpg,https://guide.michelin.co.kr/ko/wp-content/uploads/sites/4/2016/11/Pildong-Myeonok_1.jpg,https://guide.michelin.co.kr/ko/wp-content/uploads/sites/4/2016/11/Pildong-Myeonok_3.jpg
162,https://guide.michelin.co.kr/ko/wp-content/uploads/sites/4/2017/11/Hadongkwan_1.jpg,https://guide.michelin.co.kr/ko/wp-content/uploads/sites/4/2017/11/Hadongkwan_2.jpg,https://guide.michelin.co.kr/ko/wp-content/uploads/sites/4/2017/11/Hadongkwan_3.jpg
163,https://guide.michelin.co.kr/ko/wp-content/uploads/sites/4/2016/11/Hamo_4.jpg,https://guide.michelin.co.kr/ko/wp-content/uploads/sites/4/2016/11/Hamo_5.jpg,https://guide.michelin.co.kr/ko/wp-content/uploads/sites/4/2016/11/Hamo_1.jpg
164,https://guide.michelin.co.kr/ko/wp-content/uploads/sites/4/2016/11/Hakone_3.jpg,https://guide.michelin.co.kr/ko/wp-content/uploads/sites/4/2016/11/Hakone_4.jpg,https://guide.michelin.co.kr/ko/wp-content/uploads/sites/4/2016/11/Hakone_2.jpg
165,https://guide.michelin.co.kr/ko/wp-content/uploads/sites/4/2016/11/Hanilkwan_3.jpg,https://guide.michelin.co.kr/ko/wp-content/uploads/sites/4/2016/11/Hanilkwan_2.jpg,https://guide.michelin.co.kr/ko/wp-content/uploads/sites/4/2016/11/Hanilkwan_1.jpg
166,https://guide.michelin.co.kr/ko/wp-content/uploads/sites/4/2016/11/Halmaejip_4.jpg,https://guide.michelin.co.kr/ko/wp-content/uploads/sites/4/2016/11/Halmaejip_3.jpg,https://guide.michelin.co.kr/ko/wp-content/uploads/sites/4/2016/11/Halmaejip_2.jpg
167,https://guide.michelin.co.kr/ko/wp-content/uploads/sites/4/2017/11/Grand-Mothers-Recipe_1.jpg,https://guide.michelin.co.kr/ko/wp-content/uploads/sites/4/2017/11/Grand-Mothers-Recipe_2.jpg,https://guide.michelin.co.kr/ko/wp-content/uploads/sites/4/2017/11/Grand-Mothers-Recipe_3.jpg
168,https://guide.michelin.co.kr/ko/wp-content/uploads/sites/4/2016/11/Hong-Bo-Gak_44-1030x687.jpg,https://guide.michelin.co.kr/ko/wp-content/uploads/sites/4/2016/11/Hong-Bo-Gak_33-1030x687.jpg,https://guide.michelin.co.kr/ko/wp-content/uploads/sites/4/2016/11/Hong-Bo-Gak_2-1030x678.jpg
169,https://guide.michelin.co.kr/ko/wp-content/uploads/sites/4/2016/11/Hong-Yuan_3.jpg,https://guide.michelin.co.kr/ko/wp-content/uploads/sites/4/2016/11/Hong-Yuan_4-687x1030.jpg,https://guide.michelin.co.kr/ko/wp-content/uploads/sites/4/2016/11/Hong-Yuan_2-1030x685.jpg
170,https://guide.michelin.co.kr/ko/wp-content/uploads/sites/4/2016/11/Hwa-Hae-Dang_3-1030x773.jpg,https://guide.michelin.co.kr/ko/wp-content/uploads/sites/4/2016/11/Hwa-Hae-Dang_4-1030x773.jpg,https://guide.michelin.co.kr/ko/wp-content/uploads/sites/4/2016/11/Hwa-Hae-Dang_1-1030x773.jpg
171,https://guide.michelin.co.kr/ko/wp-content/uploads/sites/4/2017/11/Hwanggeum-Kongbat_1.jpg,https://guide.michelin.co.kr/ko/wp-content/uploads/sites/4/2017/11/Hwanggeum-Kongbat_2-772x1030.jpg,https://guide.michelin.co.kr/ko/wp-content/uploads/sites/4/2017/11/Hwanggeum-Kongbat_3-772x1030.jpg
172,https://guide.michelin.co.kr/ko/wp-content/uploads/sites/4/2016/11/Hwangsaenga-Kalguksu_5-1030x773.jpg,https://guide.michelin.co.kr/ko/wp-content/uploads/sites/4/2016/11/Hwangsaenga-Kalguksu_4-1030x773.jpg,https://guide.michelin.co.kr/ko/wp-content/uploads/sites/4/2016/11/Hwangsaenga-Kalguksu_3-1030x773.jpg